{
    "NameTable": {
        "std": [
            "std",
            "reYIK",
            "module",
            1
        ],
        "FIFO_TB": [
            "FIFO_TB",
            "WvsK7",
            "module",
            2
        ],
        "...MASTER...": [
            "SIM",
            "amcQw",
            "module",
            3
        ]
    },
    "cycles_program_begin": 73623517002663692,
    "stat": {
        "ru_childs_cgstart": {
            "ru_stime_sec": 0.026121999999999999,
            "ru_utime_sec": 0.012736000000000001,
            "ru_majflt": 0,
            "ru_maxrss_kb": 35240,
            "ru_minflt": 1739,
            "ru_nvcsw": 8,
            "ru_nivcsw": 0
        },
        "ru_self_cgstart": {
            "ru_stime_sec": 0.066250000000000003,
            "ru_utime_sec": 0.099884000000000001,
            "ru_majflt": 0,
            "ru_maxrss_kb": 119908,
            "ru_minflt": 10529,
            "ru_nvcsw": 42,
            "ru_nivcsw": 1
        },
        "cpu_cycles_cgstart": 73623517336593616,
        "nQuads": 1212,
        "mopSpeed": 58505.456930998167,
        "nMops": 2943,
        "peak_mem_kb": 394644,
        "cpu_cycles_total": 480321588,
        "totalObjSize": 222276,
        "ru_self_end": {
            "ru_stime_sec": 0.079652000000000001,
            "ru_utime_sec": 0.15018699999999999,
            "ru_majflt": 0,
            "ru_maxrss_kb": 128716,
            "ru_minflt": 12030,
            "ru_nvcsw": 44,
            "ru_nivcsw": 3
        },
        "outputSizePerQuad": 183.39603960396039,
        "CodeGen(%)": 33.493578006085741,
        "ru_childs_end": {
            "ru_stime_sec": 0.026121999999999999,
            "ru_utime_sec": 0.012736000000000001,
            "ru_majflt": 0,
            "ru_maxrss_kb": 35240,
            "ru_minflt": 1739,
            "ru_nvcsw": 8,
            "ru_nivcsw": 0
        },
        "cpu_cycles_end": 73623517482985280,
        "quadSpeed": 24093.990418066522,
        "mop/quad": 2.4282178217821784,
        "Frontend(%)": 66.506421993914259
    },
    "perf": [
        [
            0.068232059478759766,
            0.059097999999999998,
            0.027511000000000001,
            226924,
            227592,
            1695696344.9007311,
            73623517087966830,
            "doParsingAndDesignResolution",
            "entry"
        ],
        [
            0.083889961242675781,
            0.065694000000000002,
            0.038406000000000003,
            329604,
            394644,
            1695696344.916389,
            73623517120705906,
            "doParsingAndDesignResolution",
            "exit"
        ],
        [
            0.098491907119750977,
            0.073789999999999994,
            0.045487,
            327500,
            394644,
            1695696344.9309909,
            73623517151300720,
            "doPostDesignResolutionToVir2Vcs",
            "entry"
        ],
        [
            0.1039738655090332,
            0.078150999999999998,
            0.046607999999999997,
            328128,
            394644,
            1695696344.9364729,
            73623517162764048,
            "doUptoVir2VcsNoSepCleanup",
            "entry"
        ],
        [
            0.17789697647094727,
            0.094852000000000006,
            0.062214999999999999,
            328252,
            394644,
            1695696345.010396,
            73623517317672042,
            "doUptoVir2VcsNoSepCleanup",
            "exit"
        ],
        [
            0.17798805236816406,
            0.094908000000000006,
            0.062251000000000001,
            328252,
            394644,
            1695696345.0104871,
            73623517317810200,
            "doRadify_vir2vcsAll",
            "entry"
        ],
        [
            0.18381500244140625,
            0.098809999999999995,
            0.064174999999999996,
            330304,
            394644,
            1695696345.016314,
            73623517330058082,
            "doRadify_vir2vcsAll",
            "exit"
        ],
        [
            0.18385791778564453,
            0.098836999999999994,
            0.064193,
            330304,
            394644,
            1695696345.0163569,
            73623517330102320,
            "doPostDesignResolutionToVir2Vcs",
            "exit"
        ],
        [
            0.18387794494628906,
            0.098849000000000006,
            0.064200999999999994,
            330304,
            394644,
            1695696345.016377,
            73623517330138950,
            "doGAToPass2",
            "entry"
        ],
        [
            0.18690800666809082,
            0.099850999999999995,
            0.066227999999999995,
            328748,
            394644,
            1695696345.019407,
            73623517336523322,
            "DoPass2",
            "entry"
        ],
        [
            0.24087691307067871,
            0.14500199999999999,
            0.075036000000000005,
            338804,
            394644,
            1695696345.0733759,
            73623517449586422,
            "DoPass2",
            "exit"
        ]
    ],
    "rlimit": {
        "data": -1,
        "stack": -1
    },
    "MlibObjs": {},
    "PrevCompiledModules": {},
    "CurCompileUdps": {},
    "CompileStrategy": "fullobj",
    "cpu_cycles_pass2_start": 73623517336530126,
    "SIMBData": {
        "out": "amcQwB.o",
        "bytes": 115786,
        "archive": "archive.0/_79700_archive_1.a"
    },
    "CurCompileModules": [
        "...MASTER...",
        "...MASTER...",
        "std",
        "std",
        "FIFO_TB",
        "FIFO_TB"
    ],
    "PEModules": [],
    "LVLData": [
        "SIM"
    ],
    "CompileProcesses": [
        "cgproc.79700.json"
    ],
    "Misc": {
        "master_pid": 79700,
        "default_output_dir": "csrc",
        "daidir_abs": "/home/wjdgns3758/CXL_FIFO_202309/100kSV/FIFO/Wider_FIFO/simv.daidir",
        "VCS_HOME": "/mel/CAD/synopsys/vcs",
        "cwd": "/home/wjdgns3758/CXL_FIFO_202309/100kSV/FIFO/Wider_FIFO",
        "csrc": "csrc",
        "daidir": "simv.daidir",
        "archive_dir": "archive.0",
        "csrc_abs": "/home/wjdgns3758/CXL_FIFO_202309/100kSV/FIFO/Wider_FIFO/csrc"
    },
    "CompileStatus": "Successful"
}