{
    "CompUnits": {
        "amcQw_d": {
            "mode": 4,
            "mod": "...MASTER...",
            "out": "objs/amcQw_d.o",
            "bytes": 4778,
            "checksum": 0
        },
        "WvsK7_d": {
            "archive": "archive.0/_3680_archive_1.a",
            "mode": 4,
            "mod": "FIFO_TB",
            "out": "WvsK7_d.o",
            "bytes": 22918,
            "checksum": 0
        },
        "reYIK_d": {
            "archive": "archive.0/_3680_archive_1.a",
            "mode": 4,
            "mod": "std",
            "out": "reYIK_d.o",
            "bytes": 21268,
            "checksum": 0
        }
    },
    "Modules": {
        "...MASTER...": {
            "start_perf": [
                0.14621604874264449,
                0.058907000000000001,
                0.035674999999999998,
                175484,
                188492,
                1695699208.1714611,
                73629515997836020
            ],
            "child_modules": {
                "std": 1,
                "FIFO_TB": 1
            },
            "end_perf": [
                0.14994904876220971,
                0.058907000000000001,
                0.039405999999999997,
                177384,
                188492,
                73629516005685436
            ],
            "nQuads": 0,
            "nMops": 0
        },
        "std": {
            "start_perf": [
                0.15002804878167808,
                0.058907000000000001,
                0.039487000000000001,
                177384,
                188492,
                1695699208.1752729,
                73629516005820210
            ],
            "child_modules": {},
            "end_perf": [
                0.15818204870447516,
                0.065720000000000001,
                0.040826000000000001,
                179052,
                188492,
                73629516022939638
            ],
            "Compiled": "Yes",
            "Compiled Times": 1,
            "significant_routs": [
                [
                    24,
                    "F_VCSgd_reYIK_24_0",
                    2122012,
                    666,
                    84
                ]
            ],
            "nQuads": 213,
            "nMops": 449
        },
        "FIFO_TB": {
            "start_perf": [
                0.15822604880668223,
                0.065748000000000001,
                0.040843999999999998,
                179052,
                188492,
                1695699208.183471,
                73629516022995054
            ],
            "child_modules": {},
            "end_perf": [
                0.18833104870282114,
                0.083944000000000005,
                0.044970000000000003,
                179852,
                188492,
                73629516086103940
            ],
            "Compiled": "Yes",
            "Compiled Times": 1,
            "significant_routs": [
                [
                    10,
                    "R_VCSgd_WvsK7_a",
                    1418738,
                    505,
                    126
                ],
                [
                    17,
                    "R_VCSgd_WvsK7_11",
                    17828022,
                    158,
                    35
                ],
                [
                    18,
                    "R_VCSgd_WvsK7_12",
                    1748110,
                    788,
                    152
                ],
                [
                    23,
                    "R_VCSgd_WvsK7_17",
                    1589850,
                    414,
                    75
                ],
                [
                    39,
                    "U_VCSgd_WvsK7_39",
                    2511422,
                    448,
                    102
                ],
                [
                    49,
                    "T_VCSgd_WvsK7_10_0",
                    3612102,
                    784,
                    135
                ],
                [
                    69,
                    "R_VCSgd_WvsK7_45",
                    1849758,
                    826,
                    204
                ]
            ],
            "nQuads": 729,
            "nMops": 1533
        }
    },
    "stat": {
        "cpu_cycles_end": 73629516132658184,
        "ru_self_end": {
            "ru_nivcsw": 2,
            "ru_utime_sec": 0.086780999999999997,
            "ru_stime_sec": 0.047878999999999998,
            "ru_maxrss_kb": 97156,
            "ru_minflt": 5570,
            "ru_majflt": 3,
            "ru_nvcsw": 37
        },
        "peak_mem_kb": 188492,
        "ru_childs_end": {
            "ru_nivcsw": 0,
            "ru_utime_sec": 0.0,
            "ru_stime_sec": 0.0,
            "ru_maxrss_kb": 0,
            "ru_minflt": 0,
            "ru_majflt": 0,
            "ru_nvcsw": 0
        }
    },
    "reusePaths": {},
    "ObjArchives": [
        {
            "archive": "archive.0/_3680_archive_1.a",
            "objects": [
                [
                    "reYIK_d.o",
                    21268
                ],
                [
                    "WvsK7_d.o",
                    22918
                ],
                [
                    "amcQwB.o",
                    40476
                ]
            ],
            "size": 84662
        }
    ]
}